Nguyễn ,Quoc trung,quoctrung@gmail.com,12345678,11 Ngõ đào duy từ,01/02/82
Nguyễn, Tuấn Anh,tuananh@yahoo.com,12345678,12 Ngõ đào duy từ,01/02/82
Nguyễn ,Quoc trung,quoctrung@gmail.com,12345678,11 Ngõ đào duy từ,01/02/82
Nguyễn, Tuấn Anh,tuananh@yahoo.com,12345678,12 Ngõ đào duy từ,01/02/82
Nguyễn ,Quoc trung,quoctrung@gmail.com,12345678,11 Ngõ đào duy từ,01/02/82
Nguyễn, Tuấn Anh,tuananh@yahoo.com,12345678,12 Ngõ đào duy từ,01/02/82
Nguyễn ,Quoc trung,quoctrung@gmail.com,12345678,11 Ngõ đào duy từ,01/02/82
Nguyễn, Tuấn Anh,tuananh@yahoo.com,12345678,12 Ngõ đào duy từ,01/02/82
Nguyễn ,Quoc trung,quoctrung@gmail.com,12345678,11 Ngõ đào duy từ,01/02/82
Nguyễn, Tuấn Anh,tuananh@yahoo.com,12345678,12 Ngõ đào duy từ,01/02/82
Nguyễn ,Quoc trung,quoctrung@gmail.com,12345678,11 Ngõ đào duy từ,01/02/82
Nguyễn, Tuấn Anh,tuananh@yahoo.com,12345678,12 Ngõ đào duy từ,01/02/82
Nguyễn ,Quoc trung,quoctrung@gmail.com,12345678,11 Ngõ đào duy từ,01/02/82
Nguyễn, Tuấn Anh,tuananh@yahoo.com,12345678,12 Ngõ đào duy từ,01/02/82
Nguyễn ,Quoc trung,quoctrung@gmail.com,12345678,11 Ngõ đào duy từ,01/02/82
Nguyễn, Tuấn Anh,tuananh@yahoo.com,12345678,12 Ngõ đào duy từ,01/02/82
Nguyễn ,Quoc trung,quoctrung@gmail.com,12345678,11 Ngõ đào duy từ,01/02/82
Nguyễn, Tuấn Anh,tuananh@yahoo.com,12345678,12 Ngõ đào duy từ,01/02/82
Nguyễn ,Quoc trung,quoctrung@gmail.com,12345678,11 Ngõ đào duy từ,01/02/82
Nguyễn, Tuấn Anh,tuananh@yahoo.com,12345678,12 Ngõ đào duy từ,01/02/82
Nguyễn ,Quoc trung,quoctrung@gmail.com,12345678,11 Ngõ đào duy từ,01/02/82
Nguyễn, Tuấn Anh,tuananh@yahoo.com,12345678,12 Ngõ đào duy từ,01/02/82
Nguyễn ,Quoc trung,quoctrung@gmail.com,12345678,11 Ngõ đào duy từ,01/02/82
Nguyễn, Tuấn Anh,tuananh@yahoo.com,12345678,12 Ngõ đào duy từ,01/02/82
Nguyễn ,Quoc trung,quoctrung@gmail.com,12345678,11 Ngõ đào duy từ,01/02/82
Nguyễn, Tuấn Anh,tuananh@yahoo.com,12345678,12 Ngõ đào duy từ,01/02/82
Nguyễn ,Quoc trung,quoctrung@gmail.com,12345678,11 Ngõ đào duy từ,01/02/82
Nguyễn, Tuấn Anh,tuananh@yahoo.com,12345678,12 Ngõ đào duy từ,01/02/82
Nguyễn ,Quoc trung,quoctrung@gmail.com,12345678,11 Ngõ đào duy từ,01/02/82
Nguyễn, Tuấn Anh,tuananh@yahoo.com,12345678,12 Ngõ đào duy từ,01/02/82
Nguyễn ,Quoc trung,quoctrung@gmail.com,12345678,11 Ngõ đào duy từ,01/02/82
Nguyễn, Tuấn Anh,tuananh@yahoo.com,12345678,12 Ngõ đào duy từ,01/02/82
Nguyễn ,Quoc trung,quoctrung@gmail.com,12345678,11 Ngõ đào duy từ,01/02/82
Nguyễn, Tuấn Anh,tuananh@yahoo.com,12345678,12 Ngõ đào duy từ,01/02/82
Nguyễn ,Quoc trung,quoctrung@gmail.com,12345678,11 Ngõ đào duy từ,01/02/82
Nguyễn, Tuấn Anh,tuananh@yahoo.com,12345678,12 Ngõ đào duy từ,01/02/82
